method,model_key,n,rte_mean_mm,rte_p90_mm,rte_vector_max_abs_diff_mm,axial_abs_mean_mm,axial_abs_median_mm,axial_abs_p90_mm,radial_mean_mm,radial_median_mm,radial_p90_mm,axial_fraction_mean,axial_energy_fraction_mean
GeoT,geotransformer,2088,44.216296,82.250329,0.000000,22.173197,6.308196,42.623000,34.288155,11.640587,64.771614,0.502183,0.337125
PNLK-M,mamba2_direct,2088,74.148283,174.237173,0.000000,32.165772,14.582354,75.326777,62.210225,31.350225,146.411129,0.454573,0.283848
RegTR,regtr,2088,132.958384,336.446174,0.000000,63.748970,27.783311,177.362752,106.258624,53.752129,268.618479,0.499726,0.332865
PNLK-R,pointnetlk_revisited,2088,119.219892,374.978779,0.000000,62.906779,17.410850,193.865023,90.925236,26.275218,278.223099,0.523585,0.357353
PNLK,pointnetlk,2088,194.695290,413.579157,0.000000,96.318484,59.965556,232.375694,153.044077,112.903786,337.409321,0.502117,0.336131
DCP,dcp,2088,313.214583,565.352705,0.000000,158.018312,119.488771,345.098840,246.095969,209.976099,478.986766,0.510817,0.341111
