rotation_deg,translation_mm,recall
1.0,1.0,0.007662835249042145
3.0,3.0,0.032567049808429116
5.0,5.0,0.05459770114942529
10.0,10.0,0.10727969348659004
