rotation_deg,translation_mm,recall
1.0,1.0,0.012452107279693486
3.0,3.0,0.07950191570881227
5.0,5.0,0.1743295019157088
10.0,10.0,0.3563218390804598
