rotation_deg,translation_mm,recall
1.0,1.0,0.0004789272030651341
3.0,3.0,0.02346743295019157
5.0,5.0,0.05507662835249042
10.0,10.0,0.11590038314176246
