rotation_deg,translation_mm,recall
1.0,1.0,0.0004789272030651341
3.0,3.0,0.022988505747126436
5.0,5.0,0.05316091954022988
10.0,10.0,0.11590038314176246
