rotation_deg,translation_mm,recall
1.0,1.0,0.0
3.0,3.0,0.01053639846743295
5.0,5.0,0.031609195402298854
10.0,10.0,0.1111111111111111
