rotation_deg,translation_mm,recall
1.0,1.0,0.0
3.0,3.0,0.0
5.0,5.0,0.0014367816091954023
10.0,10.0,0.010057471264367816
