rotation_deg,translation_mm,recall
1.0,1.0,0.0
3.0,3.0,0.0028735632183908046
5.0,5.0,0.023946360153256706
10.0,10.0,0.10584291187739464
